HTTPS;22
SSL;16
und;12
für;9
mit;8
von;7
auf;7
alle;6
Google;6
Verschlüsselung;6
Zertifikate;5
will;5
um;5
HTTP;5
bei;4
der;4
Let's;4
Encrypt;4
Nutzer;4
Zertifikat;4
Internet;4
Mozilla;4
soll;4
Firefox;4
Facebook;4
in;4
Chrome;3
Web;3
dem;3
Webseiten;3
Sicherheit;3
Tool;3
als;3
Yahoo;3
ist;3
Everywhere;3
Webserver;3
Twitter;3
Überprüfung;2
l+f;2
https;2
Apps;2
künftig;2
nur;2
noch;2
verschlüsselt;2
Microsoft;2
beim;2
Verbindungen;2
zu;2
Zertifikaten;2
über;2
Sicherheits;2
nach;2
Security;2
Funktion;2
Hack;2
aus;2
muss;2
Zertifikats;2
entschlüsseln;2
Die;2
NSA;2
Affäre;2
die;2
Unternehmen;2
IT;2
2.0;2
Standard;2
im;2
wir;2
es;2
macht;2
Lücke;2
vor;2
jetzt;2
Windows;2
überprüft;2
[Update];2
In;1
eigener;1
Sache;1
Pilotprojekt;1
DevTools;1
helfen;1
des;1
Status;1
Audit;1
Client;1
Kritik;1
an;1
SSL/TLS;1
Zertifizierungsstelle;1
Patenttroll;1
CryptoPeak;1
verklagt;1
wegen;1
Patentverletzung;1
Ab;1
3.;1
Dezember;1
Gratis;1
Symantec;1
hantiert;1
falschem;1
Erstes;1
zum;1
Test;1
bereit;1
Denic;1
Webangebote;1
komplett;1
verschlüsseln;1
Nach;1
Erpressungsversuch;1
Webhoster;1
1blu;1
tauscht;1
tausende;1
fuer;1
Fortgeschrittene;1
Washington;1
Post;1
stellt;1
Website;1
Android;1
Passwort;1
Schlamperei;1
verbreitet;1
Reddit;1
Bing;1
Wikipedia;1
schaltet;1
verschlüsselte;1
Verbindung;1
pusht;1
Explorer;1
Edge;1
Webbrowser;1
Apple;1
aufs;1
Abstellgleis;1
schicken;1
USA;1
Regierungs;1
müssen;1
umstellen;1
Meilenstein;1
kostenlosen;1
Barracuda;1
Filter;1
untergräbt;1
ausrangieren;1
Netflix;1
Videos;1
neutrale;1
Netze;1
Abgelaufenes;1
Visa;1
Freak;1
Attack;1
Millionen;1
angreifbar;1
PrivDog;1
telefoniert;1
Hause;1
unverschlüsselt;1
schickt;1
Botnetze;1
Schwachstellensuche;1
Paypal;1
Phisher;1
missbrauchen;1
kostenlose;1
Cloudflare;1
HSTS;1
Supercookie;1
Chromium;1
Team;1
unsicher;1
markieren;1
Meta;1
stört;1
hunderte;1
Medien;1
Klartext;1
verschwinden;1
Download;1
Blackberry;1
App;1
Store;1
nachbessern;1
falsche;1
enttarnen;1
verbessert;1
Ranking;1
zukünftig;1
zentralen;1
Sperrlisten;1
entschlackt;1
Heartbleed;1
das;1
Sperrproblem;1
Mail;1
aktiviert;1
Konzerne;1
Den;1
Datenschutz;1
egal;1
Wen;1
interessiert;1
schon;1
Privatsphäre;1
Nutzer?;1
US;1
amerikanische;1
setzen;1
zunehmend;1
IETF;1
Streit;1
sicheres;1
neu;1
entbrannt;1
wird;1
Anfang;1
2014;1
TLS;1
sicherer;1
werden;1
lost+found;1
Was;1
Woche;1
übrig;1
blieb;1
nun;1
Vorsicht;1
Skypen;1
liest;1
Fotoklau;1
Spion;1
Hintertür;1
vernetzten;1
Kameras;1
Nokia;1
Ja;1
aber;1
spitzeln;1
nicht;1
zieht;1
können;1
aktivieren;1
Fatale;1
Panne;1
Zertifikatsherausgeber;1
Türktrust;1
29C3;1
Das;1
System;1
grundlegend;1
defekt;1
jemand;1
reparieren;1
Strict;1
Transport;1
setzt;1
Lauschern;1
schwerer;1
unterstützt;1
mehr;1
Websites;1
kaum;1
ausnutzbar;1
Nginx;1
stabiler;1
Version;1
1.2.0;1
veröffentlicht;1
warnt;1
gültigen;1
fordert;1
schärfere;1
Kontrollen;1
Sub;1
CAs;1
auch;1
standardmäßig;1
Javascript;1
IPv6;1
Trustwave;1
verkaufte;1
Man;1
the;1
Middle;1
Online;1
Check;1
abschaffen;1
Neues;1
Webcheck;1
EU;1
Behörde;1
kritisiert;1
Zertifizierungsstellen;1
Forscher;1
schlagen;1
Ausweg;1
Dilemma;1
Frist;1
OAuth;1
Cookies;1
zehn;1
Minuten;1
knacken;1
CA;1
Auch;1
Anonymisierungs;1
Projekt;1
TOR;1
Visier;1
Angreifer;1
ausgebaut;1
Schluss;1
unsicheren;1
Inhalten;1
sicheren;1
Seiten;1
Der;1
ehrliche;1
Achmed;1
bittet;1
Vertrauen;1
Zwei;1
weitere;1
Comodo;1
Registrare;1
gehackt;1
Safari;1
Anwender;1
durch;1
kompromittierte;1
gefährdet;1
vollständig;1
Facebooks;1
kruder;1
Workaround;1
Mehr;1
Verschlüsselung!;1
Erweiterung;1
klaut;1
Sitzungen;1
Co.;1
Automatische;1
Webverschlüsselung;1
fast;1
überall;1
betrifft;1
gängigen;1
Browser;1
Appliance;1
Verschlüsselter;1
Dateitransfer;1
Unsichere;1
Updates;1
via;1
InstallShield;1
Update;1
Agent;1
Anmeldeprobleme;1
NoScript;1
